"snp_id","is_true_causal"
"rs1",FALSE
"rs2",FALSE
"rs3",FALSE
"rs4",FALSE
"rs5",FALSE
"rs6",FALSE
"rs7",FALSE
"rs8",FALSE
"rs9",FALSE
"rs10",FALSE
"rs11",FALSE
"rs12",FALSE
"rs13",FALSE
"rs14",FALSE
"rs15",FALSE
"rs16",FALSE
"rs17",FALSE
"rs18",FALSE
"rs19",FALSE
"rs20",FALSE
"rs21",FALSE
"rs22",FALSE
"rs23",FALSE
"rs24",FALSE
"rs25",FALSE
"rs26",FALSE
"rs27",FALSE
"rs28",FALSE
"rs29",FALSE
"rs30",FALSE
"rs31",FALSE
"rs32",FALSE
"rs33",FALSE
"rs34",FALSE
"rs35",FALSE
"rs36",FALSE
"rs37",FALSE
"rs38",FALSE
"rs39",FALSE
"rs40",FALSE
"rs41",FALSE
"rs42",FALSE
"rs43",FALSE
"rs44",FALSE
"rs45",FALSE
"rs46",FALSE
"rs47",FALSE
"rs48",FALSE
"rs49",FALSE
"rs50",FALSE
"rs51",FALSE
"rs52",FALSE
"rs53",FALSE
"rs54",FALSE
"rs55",FALSE
"rs56",FALSE
"rs57",FALSE
"rs58",FALSE
"rs59",FALSE
"rs60",FALSE
"rs61",FALSE
"rs62",FALSE
"rs63",FALSE
"rs64",FALSE
"rs65",FALSE
"rs66",FALSE
"rs67",FALSE
"rs68",FALSE
"rs69",FALSE
"rs70",FALSE
"rs71",FALSE
"rs72",FALSE
"rs73",FALSE
"rs74",FALSE
"rs75",FALSE
"rs76",FALSE
"rs77",FALSE
"rs78",FALSE
"rs79",FALSE
"rs80",FALSE
"rs81",FALSE
"rs82",FALSE
"rs83",FALSE
"rs84",FALSE
"rs85",FALSE
"rs86",FALSE
"rs87",FALSE
"rs88",FALSE
"rs89",FALSE
"rs90",FALSE
"rs91",FALSE
"rs92",FALSE
"rs93",FALSE
"rs94",FALSE
"rs95",FALSE
"rs96",FALSE
"rs97",FALSE
"rs98",FALSE
"rs99",FALSE
"rs100",FALSE
"rs101",FALSE
"rs102",FALSE
"rs103",FALSE
"rs104",FALSE
"rs105",FALSE
"rs106",FALSE
"rs107",FALSE
"rs108",FALSE
"rs109",FALSE
"rs110",FALSE
"rs111",FALSE
"rs112",FALSE
"rs113",FALSE
"rs114",FALSE
"rs115",FALSE
"rs116",FALSE
"rs117",FALSE
"rs118",FALSE
"rs119",FALSE
"rs120",FALSE
"rs121",FALSE
"rs122",FALSE
"rs123",FALSE
"rs124",FALSE
"rs125",FALSE
"rs126",FALSE
"rs127",FALSE
"rs128",FALSE
"rs129",FALSE
"rs130",FALSE
"rs131",FALSE
"rs132",FALSE
"rs133",FALSE
"rs134",FALSE
"rs135",FALSE
"rs136",FALSE
"rs137",FALSE
"rs138",FALSE
"rs139",FALSE
"rs140",FALSE
"rs141",FALSE
"rs142",FALSE
"rs143",FALSE
"rs144",FALSE
"rs145",FALSE
"rs146",FALSE
"rs147",FALSE
"rs148",FALSE
"rs149",FALSE
"rs150",FALSE
"rs151",FALSE
"rs152",FALSE
"rs153",TRUE
"rs154",FALSE
"rs155",FALSE
"rs156",FALSE
"rs157",FALSE
"rs158",FALSE
"rs159",FALSE
"rs160",FALSE
"rs161",FALSE
"rs162",FALSE
"rs163",FALSE
"rs164",FALSE
"rs165",FALSE
"rs166",FALSE
"rs167",FALSE
"rs168",FALSE
"rs169",FALSE
"rs170",FALSE
"rs171",FALSE
"rs172",FALSE
"rs173",FALSE
"rs174",FALSE
"rs175",FALSE
"rs176",FALSE
"rs177",FALSE
"rs178",FALSE
"rs179",FALSE
"rs180",FALSE
"rs181",FALSE
"rs182",FALSE
"rs183",FALSE
"rs184",FALSE
"rs185",FALSE
"rs186",FALSE
"rs187",FALSE
"rs188",FALSE
"rs189",FALSE
"rs190",FALSE
"rs191",FALSE
"rs192",FALSE
"rs193",FALSE
"rs194",FALSE
"rs195",FALSE
"rs196",FALSE
"rs197",FALSE
"rs198",FALSE
"rs199",FALSE
"rs200",FALSE
"rs201",FALSE
"rs202",FALSE
"rs203",FALSE
"rs204",FALSE
"rs205",FALSE
"rs206",FALSE
"rs207",FALSE
"rs208",FALSE
"rs209",FALSE
"rs210",FALSE
"rs211",FALSE
"rs212",FALSE
"rs213",FALSE
"rs214",FALSE
"rs215",FALSE
"rs216",FALSE
"rs217",FALSE
"rs218",FALSE
"rs219",FALSE
"rs220",FALSE
"rs221",FALSE
"rs222",FALSE
"rs223",FALSE
"rs224",FALSE
"rs225",FALSE
"rs226",FALSE
"rs227",FALSE
"rs228",FALSE
"rs229",FALSE
"rs230",FALSE
"rs231",FALSE
"rs232",FALSE
"rs233",FALSE
"rs234",FALSE
"rs235",FALSE
"rs236",FALSE
"rs237",FALSE
"rs238",FALSE
"rs239",FALSE
"rs240",FALSE
"rs241",FALSE
"rs242",FALSE
"rs243",FALSE
"rs244",FALSE
"rs245",FALSE
"rs246",FALSE
"rs247",FALSE
"rs248",FALSE
"rs249",FALSE
"rs250",FALSE
"rs251",FALSE
"rs252",FALSE
"rs253",FALSE
"rs254",FALSE
"rs255",FALSE
"rs256",FALSE
"rs257",FALSE
"rs258",FALSE
"rs259",FALSE
"rs260",FALSE
"rs261",FALSE
"rs262",FALSE
"rs263",FALSE
"rs264",FALSE
"rs265",FALSE
"rs266",FALSE
"rs267",FALSE
"rs268",FALSE
"rs269",FALSE
"rs270",FALSE
"rs271",FALSE
"rs272",FALSE
"rs273",FALSE
"rs274",FALSE
"rs275",FALSE
"rs276",FALSE
"rs277",FALSE
"rs278",FALSE
"rs279",FALSE
"rs280",FALSE
"rs281",FALSE
"rs282",FALSE
"rs283",FALSE
"rs284",FALSE
"rs285",FALSE
"rs286",FALSE
"rs287",FALSE
"rs288",FALSE
"rs289",FALSE
"rs290",FALSE
"rs291",FALSE
"rs292",FALSE
"rs293",FALSE
"rs294",FALSE
"rs295",FALSE
"rs296",FALSE
"rs297",FALSE
"rs298",FALSE
"rs299",FALSE
"rs300",FALSE
"rs301",FALSE
"rs302",FALSE
"rs303",FALSE
"rs304",FALSE
"rs305",FALSE
"rs306",FALSE
"rs307",FALSE
"rs308",FALSE
"rs309",FALSE
"rs310",FALSE
"rs311",FALSE
"rs312",FALSE
"rs313",FALSE
"rs314",FALSE
"rs315",FALSE
"rs316",FALSE
"rs317",FALSE
"rs318",FALSE
"rs319",FALSE
"rs320",FALSE
"rs321",FALSE
"rs322",FALSE
"rs323",FALSE
"rs324",FALSE
"rs325",FALSE
"rs326",FALSE
"rs327",FALSE
"rs328",FALSE
"rs329",FALSE
"rs330",FALSE
"rs331",FALSE
"rs332",FALSE
"rs333",FALSE
"rs334",FALSE
"rs335",FALSE
"rs336",FALSE
"rs337",FALSE
"rs338",FALSE
"rs339",FALSE
"rs340",FALSE
"rs341",FALSE
"rs342",FALSE
"rs343",FALSE
"rs344",FALSE
"rs345",FALSE
"rs346",FALSE
"rs347",FALSE
"rs348",FALSE
"rs349",FALSE
"rs350",FALSE
"rs351",FALSE
"rs352",FALSE
"rs353",FALSE
"rs354",FALSE
"rs355",FALSE
"rs356",FALSE
"rs357",FALSE
"rs358",FALSE
"rs359",FALSE
"rs360",FALSE
"rs361",FALSE
"rs362",FALSE
"rs363",FALSE
"rs364",FALSE
"rs365",FALSE
"rs366",FALSE
"rs367",FALSE
"rs368",FALSE
"rs369",FALSE
"rs370",FALSE
"rs371",FALSE
"rs372",FALSE
"rs373",FALSE
"rs374",FALSE
"rs375",FALSE
"rs376",FALSE
"rs377",FALSE
"rs378",FALSE
"rs379",FALSE
"rs380",FALSE
"rs381",FALSE
"rs382",FALSE
"rs383",FALSE
"rs384",FALSE
"rs385",FALSE
"rs386",FALSE
"rs387",FALSE
"rs388",FALSE
"rs389",FALSE
"rs390",FALSE
"rs391",FALSE
"rs392",FALSE
"rs393",FALSE
"rs394",FALSE
"rs395",FALSE
"rs396",FALSE
"rs397",FALSE
"rs398",FALSE
"rs399",FALSE
"rs400",FALSE
"rs401",FALSE
"rs402",FALSE
"rs403",FALSE
"rs404",FALSE
"rs405",FALSE
"rs406",FALSE
"rs407",FALSE
"rs408",FALSE
"rs409",FALSE
"rs410",FALSE
"rs411",FALSE
"rs412",FALSE
"rs413",FALSE
"rs414",FALSE
"rs415",FALSE
"rs416",FALSE
"rs417",FALSE
"rs418",FALSE
"rs419",FALSE
"rs420",FALSE
"rs421",FALSE
"rs422",FALSE
"rs423",FALSE
"rs424",FALSE
"rs425",FALSE
"rs426",FALSE
"rs427",FALSE
"rs428",FALSE
"rs429",FALSE
"rs430",FALSE
"rs431",FALSE
"rs432",FALSE
"rs433",FALSE
"rs434",FALSE
"rs435",FALSE
"rs436",FALSE
"rs437",FALSE
"rs438",FALSE
"rs439",FALSE
"rs440",FALSE
"rs441",FALSE
"rs442",FALSE
"rs443",FALSE
"rs444",FALSE
"rs445",FALSE
"rs446",FALSE
"rs447",FALSE
"rs448",FALSE
"rs449",FALSE
"rs450",FALSE
"rs451",FALSE
"rs452",FALSE
"rs453",FALSE
"rs454",FALSE
"rs455",FALSE
"rs456",FALSE
"rs457",FALSE
"rs458",FALSE
"rs459",FALSE
"rs460",FALSE
"rs461",FALSE
"rs462",FALSE
"rs463",FALSE
"rs464",FALSE
"rs465",FALSE
"rs466",FALSE
"rs467",FALSE
"rs468",FALSE
"rs469",FALSE
"rs470",FALSE
"rs471",FALSE
"rs472",FALSE
"rs473",FALSE
"rs474",FALSE
"rs475",FALSE
"rs476",FALSE
"rs477",FALSE
"rs478",FALSE
"rs479",FALSE
"rs480",FALSE
"rs481",FALSE
"rs482",FALSE
"rs483",FALSE
"rs484",FALSE
"rs485",FALSE
"rs486",FALSE
"rs487",FALSE
"rs488",FALSE
"rs489",FALSE
"rs490",FALSE
"rs491",FALSE
"rs492",FALSE
"rs493",FALSE
"rs494",FALSE
"rs495",FALSE
"rs496",FALSE
"rs497",FALSE
"rs498",FALSE
"rs499",FALSE
"rs500",FALSE
"rs501",FALSE
"rs502",FALSE
"rs503",FALSE
"rs504",FALSE
"rs505",FALSE
"rs506",FALSE
"rs507",FALSE
"rs508",FALSE
"rs509",FALSE
"rs510",FALSE
"rs511",FALSE
"rs512",FALSE
"rs513",FALSE
"rs514",FALSE
"rs515",FALSE
"rs516",FALSE
"rs517",FALSE
"rs518",FALSE
"rs519",FALSE
"rs520",FALSE
"rs521",FALSE
"rs522",FALSE
"rs523",FALSE
"rs524",FALSE
"rs525",FALSE
"rs526",FALSE
"rs527",FALSE
"rs528",FALSE
"rs529",FALSE
"rs530",FALSE
"rs531",FALSE
"rs532",FALSE
"rs533",FALSE
"rs534",FALSE
"rs535",FALSE
"rs536",FALSE
"rs537",FALSE
"rs538",FALSE
"rs539",FALSE
"rs540",FALSE
"rs541",FALSE
"rs542",FALSE
"rs543",FALSE
"rs544",FALSE
"rs545",FALSE
"rs546",FALSE
"rs547",FALSE
"rs548",FALSE
"rs549",FALSE
"rs550",FALSE
"rs551",FALSE
"rs552",FALSE
"rs553",FALSE
"rs554",FALSE
"rs555",FALSE
"rs556",FALSE
"rs557",FALSE
"rs558",FALSE
"rs559",FALSE
"rs560",FALSE
"rs561",FALSE
"rs562",FALSE
"rs563",FALSE
"rs564",FALSE
"rs565",FALSE
"rs566",FALSE
"rs567",FALSE
"rs568",FALSE
"rs569",FALSE
"rs570",FALSE
"rs571",FALSE
"rs572",FALSE
"rs573",FALSE
"rs574",FALSE
"rs575",FALSE
"rs576",FALSE
"rs577",FALSE
"rs578",FALSE
"rs579",FALSE
"rs580",FALSE
"rs581",FALSE
"rs582",TRUE
"rs583",FALSE
"rs584",FALSE
"rs585",FALSE
"rs586",FALSE
"rs587",FALSE
"rs588",FALSE
"rs589",FALSE
"rs590",FALSE
"rs591",FALSE
"rs592",FALSE
"rs593",TRUE
"rs594",FALSE
"rs595",FALSE
"rs596",FALSE
"rs597",FALSE
"rs598",FALSE
"rs599",FALSE
"rs600",TRUE
"rs601",FALSE
"rs602",FALSE
"rs603",FALSE
"rs604",FALSE
"rs605",FALSE
"rs606",FALSE
"rs607",FALSE
"rs608",FALSE
"rs609",FALSE
"rs610",FALSE
"rs611",FALSE
"rs612",FALSE
"rs613",FALSE
"rs614",FALSE
"rs615",FALSE
"rs616",FALSE
"rs617",FALSE
"rs618",FALSE
"rs619",FALSE
"rs620",FALSE
"rs621",FALSE
"rs622",FALSE
"rs623",FALSE
"rs624",FALSE
"rs625",FALSE
"rs626",FALSE
"rs627",FALSE
"rs628",FALSE
"rs629",FALSE
"rs630",FALSE
"rs631",FALSE
"rs632",FALSE
"rs633",FALSE
"rs634",FALSE
"rs635",FALSE
"rs636",FALSE
"rs637",FALSE
"rs638",FALSE
"rs639",FALSE
"rs640",FALSE
"rs641",FALSE
"rs642",FALSE
"rs643",FALSE
"rs644",FALSE
"rs645",FALSE
"rs646",FALSE
"rs647",FALSE
"rs648",FALSE
"rs649",FALSE
"rs650",FALSE
"rs651",FALSE
"rs652",FALSE
"rs653",FALSE
"rs654",FALSE
"rs655",FALSE
"rs656",FALSE
"rs657",FALSE
"rs658",FALSE
"rs659",FALSE
"rs660",FALSE
"rs661",FALSE
"rs662",FALSE
"rs663",FALSE
"rs664",FALSE
"rs665",FALSE
"rs666",FALSE
"rs667",FALSE
"rs668",FALSE
"rs669",FALSE
"rs670",FALSE
"rs671",FALSE
"rs672",FALSE
"rs673",FALSE
"rs674",FALSE
"rs675",FALSE
"rs676",FALSE
"rs677",FALSE
"rs678",FALSE
"rs679",FALSE
"rs680",FALSE
"rs681",FALSE
"rs682",FALSE
"rs683",FALSE
"rs684",FALSE
"rs685",FALSE
"rs686",FALSE
"rs687",FALSE
"rs688",FALSE
"rs689",FALSE
"rs690",FALSE
"rs691",FALSE
"rs692",FALSE
"rs693",FALSE
"rs694",FALSE
"rs695",FALSE
"rs696",FALSE
"rs697",FALSE
"rs698",FALSE
"rs699",FALSE
"rs700",FALSE
"rs701",FALSE
"rs702",FALSE
"rs703",FALSE
"rs704",FALSE
"rs705",FALSE
"rs706",FALSE
"rs707",FALSE
"rs708",FALSE
"rs709",FALSE
"rs710",FALSE
"rs711",FALSE
"rs712",FALSE
"rs713",FALSE
"rs714",FALSE
"rs715",FALSE
"rs716",FALSE
"rs717",FALSE
"rs718",FALSE
"rs719",FALSE
"rs720",FALSE
"rs721",FALSE
"rs722",FALSE
"rs723",FALSE
"rs724",FALSE
"rs725",FALSE
"rs726",FALSE
"rs727",FALSE
"rs728",FALSE
"rs729",FALSE
"rs730",FALSE
"rs731",FALSE
"rs732",FALSE
"rs733",FALSE
"rs734",FALSE
"rs735",FALSE
"rs736",FALSE
"rs737",FALSE
"rs738",FALSE
"rs739",FALSE
"rs740",FALSE
"rs741",FALSE
"rs742",FALSE
"rs743",FALSE
"rs744",FALSE
"rs745",FALSE
"rs746",FALSE
"rs747",FALSE
"rs748",FALSE
"rs749",FALSE
"rs750",FALSE
"rs751",FALSE
"rs752",FALSE
"rs753",FALSE
"rs754",FALSE
"rs755",FALSE
"rs756",FALSE
"rs757",FALSE
"rs758",FALSE
"rs759",FALSE
"rs760",FALSE
"rs761",FALSE
"rs762",FALSE
"rs763",FALSE
"rs764",FALSE
"rs765",FALSE
"rs766",FALSE
"rs767",FALSE
"rs768",FALSE
"rs769",FALSE
"rs770",FALSE
"rs771",FALSE
"rs772",FALSE
"rs773",FALSE
"rs774",FALSE
"rs775",FALSE
"rs776",FALSE
"rs777",FALSE
"rs778",FALSE
"rs779",FALSE
"rs780",FALSE
"rs781",FALSE
"rs782",FALSE
"rs783",FALSE
"rs784",FALSE
"rs785",FALSE
"rs786",FALSE
"rs787",FALSE
"rs788",FALSE
"rs789",FALSE
"rs790",FALSE
"rs791",TRUE
"rs792",FALSE
"rs793",FALSE
"rs794",FALSE
"rs795",FALSE
"rs796",FALSE
"rs797",FALSE
"rs798",FALSE
"rs799",FALSE
"rs800",FALSE
"rs801",FALSE
"rs802",FALSE
"rs803",FALSE
"rs804",FALSE
"rs805",FALSE
"rs806",FALSE
"rs807",FALSE
"rs808",FALSE
"rs809",FALSE
"rs810",FALSE
"rs811",FALSE
"rs812",FALSE
"rs813",FALSE
"rs814",FALSE
"rs815",FALSE
"rs816",FALSE
"rs817",FALSE
"rs818",FALSE
"rs819",FALSE
"rs820",FALSE
"rs821",FALSE
"rs822",FALSE
"rs823",FALSE
"rs824",FALSE
"rs825",FALSE
"rs826",FALSE
"rs827",FALSE
"rs828",FALSE
"rs829",FALSE
"rs830",FALSE
"rs831",FALSE
"rs832",FALSE
"rs833",FALSE
"rs834",FALSE
"rs835",FALSE
"rs836",FALSE
"rs837",FALSE
"rs838",FALSE
"rs839",FALSE
"rs840",FALSE
"rs841",FALSE
"rs842",FALSE
"rs843",FALSE
"rs844",FALSE
"rs845",FALSE
"rs846",FALSE
"rs847",FALSE
"rs848",FALSE
"rs849",FALSE
"rs850",FALSE
"rs851",FALSE
"rs852",FALSE
"rs853",FALSE
"rs854",FALSE
"rs855",FALSE
"rs856",FALSE
"rs857",FALSE
"rs858",FALSE
"rs859",FALSE
"rs860",FALSE
"rs861",FALSE
"rs862",FALSE
"rs863",FALSE
"rs864",FALSE
"rs865",FALSE
"rs866",FALSE
"rs867",FALSE
"rs868",FALSE
"rs869",FALSE
"rs870",FALSE
"rs871",FALSE
"rs872",FALSE
"rs873",FALSE
"rs874",FALSE
"rs875",FALSE
"rs876",FALSE
"rs877",FALSE
"rs878",FALSE
"rs879",FALSE
"rs880",FALSE
"rs881",FALSE
"rs882",FALSE
"rs883",FALSE
"rs884",FALSE
"rs885",FALSE
"rs886",FALSE
"rs887",FALSE
"rs888",FALSE
"rs889",FALSE
"rs890",FALSE
"rs891",FALSE
"rs892",FALSE
"rs893",FALSE
"rs894",FALSE
"rs895",FALSE
"rs896",FALSE
"rs897",FALSE
"rs898",FALSE
"rs899",FALSE
"rs900",FALSE
"rs901",FALSE
"rs902",FALSE
"rs903",FALSE
"rs904",FALSE
"rs905",FALSE
"rs906",FALSE
"rs907",FALSE
"rs908",FALSE
"rs909",FALSE
"rs910",FALSE
"rs911",FALSE
"rs912",FALSE
"rs913",FALSE
"rs914",FALSE
"rs915",FALSE
"rs916",FALSE
"rs917",FALSE
"rs918",FALSE
"rs919",FALSE
"rs920",FALSE
"rs921",FALSE
"rs922",FALSE
"rs923",FALSE
"rs924",FALSE
"rs925",FALSE
"rs926",FALSE
"rs927",FALSE
"rs928",FALSE
"rs929",FALSE
"rs930",FALSE
"rs931",FALSE
"rs932",FALSE
"rs933",FALSE
"rs934",FALSE
"rs935",FALSE
"rs936",FALSE
"rs937",FALSE
"rs938",FALSE
"rs939",FALSE
"rs940",FALSE
"rs941",FALSE
"rs942",FALSE
"rs943",FALSE
"rs944",FALSE
"rs945",FALSE
"rs946",FALSE
"rs947",FALSE
"rs948",FALSE
"rs949",FALSE
"rs950",FALSE
"rs951",FALSE
"rs952",FALSE
"rs953",FALSE
"rs954",FALSE
"rs955",FALSE
"rs956",FALSE
"rs957",FALSE
"rs958",FALSE
"rs959",FALSE
"rs960",FALSE
"rs961",FALSE
"rs962",FALSE
"rs963",FALSE
"rs964",FALSE
"rs965",FALSE
"rs966",FALSE
"rs967",FALSE
"rs968",FALSE
"rs969",FALSE
"rs970",FALSE
"rs971",FALSE
"rs972",FALSE
"rs973",FALSE
"rs974",FALSE
"rs975",FALSE
"rs976",FALSE
"rs977",FALSE
"rs978",FALSE
"rs979",FALSE
"rs980",FALSE
"rs981",FALSE
"rs982",FALSE
"rs983",FALSE
"rs984",FALSE
"rs985",FALSE
"rs986",FALSE
"rs987",FALSE
"rs988",FALSE
"rs989",FALSE
"rs990",FALSE
"rs991",FALSE
"rs992",FALSE
"rs993",FALSE
"rs994",FALSE
"rs995",FALSE
"rs996",FALSE
"rs997",FALSE
"rs998",FALSE
"rs999",FALSE
"rs1000",FALSE
"rs1001",FALSE
"rs1002",FALSE
"rs1003",FALSE
"rs1004",FALSE
"rs1005",FALSE
"rs1006",FALSE
"rs1007",FALSE
"rs1008",FALSE
"rs1009",FALSE
"rs1010",FALSE
"rs1011",FALSE
"rs1012",FALSE
"rs1013",FALSE
"rs1014",FALSE
"rs1015",FALSE
"rs1016",FALSE
"rs1017",FALSE
"rs1018",FALSE
"rs1019",FALSE
"rs1020",FALSE
"rs1021",FALSE
"rs1022",FALSE
"rs1023",FALSE
"rs1024",FALSE
"rs1025",FALSE
"rs1026",FALSE
"rs1027",FALSE
"rs1028",FALSE
"rs1029",FALSE
"rs1030",FALSE
"rs1031",FALSE
"rs1032",FALSE
"rs1033",FALSE
"rs1034",FALSE
"rs1035",FALSE
"rs1036",FALSE
"rs1037",FALSE
"rs1038",FALSE
"rs1039",FALSE
"rs1040",FALSE
"rs1041",FALSE
"rs1042",FALSE
"rs1043",FALSE
"rs1044",FALSE
"rs1045",FALSE
"rs1046",FALSE
"rs1047",FALSE
"rs1048",FALSE
"rs1049",FALSE
"rs1050",FALSE
"rs1051",FALSE
"rs1052",FALSE
"rs1053",FALSE
"rs1054",FALSE
"rs1055",FALSE
"rs1056",FALSE
"rs1057",FALSE
"rs1058",FALSE
"rs1059",FALSE
"rs1060",FALSE
"rs1061",TRUE
"rs1062",FALSE
"rs1063",FALSE
"rs1064",FALSE
"rs1065",FALSE
"rs1066",FALSE
"rs1067",FALSE
"rs1068",FALSE
"rs1069",FALSE
"rs1070",FALSE
"rs1071",FALSE
"rs1072",FALSE
"rs1073",FALSE
"rs1074",FALSE
"rs1075",FALSE
"rs1076",FALSE
"rs1077",FALSE
"rs1078",FALSE
"rs1079",FALSE
"rs1080",FALSE
"rs1081",FALSE
"rs1082",FALSE
"rs1083",FALSE
"rs1084",FALSE
"rs1085",FALSE
"rs1086",FALSE
"rs1087",FALSE
"rs1088",FALSE
"rs1089",FALSE
"rs1090",FALSE
"rs1091",FALSE
"rs1092",FALSE
"rs1093",FALSE
"rs1094",FALSE
"rs1095",FALSE
"rs1096",FALSE
"rs1097",FALSE
"rs1098",FALSE
"rs1099",FALSE
"rs1100",FALSE
"rs1101",FALSE
"rs1102",FALSE
"rs1103",FALSE
"rs1104",FALSE
"rs1105",FALSE
"rs1106",FALSE
"rs1107",FALSE
"rs1108",FALSE
"rs1109",FALSE
"rs1110",FALSE
"rs1111",FALSE
"rs1112",FALSE
"rs1113",FALSE
"rs1114",FALSE
"rs1115",FALSE
"rs1116",FALSE
"rs1117",FALSE
"rs1118",FALSE
"rs1119",FALSE
"rs1120",FALSE
"rs1121",FALSE
"rs1122",FALSE
"rs1123",FALSE
"rs1124",FALSE
"rs1125",FALSE
"rs1126",FALSE
"rs1127",FALSE
"rs1128",FALSE
"rs1129",FALSE
"rs1130",FALSE
"rs1131",FALSE
"rs1132",FALSE
"rs1133",FALSE
"rs1134",FALSE
"rs1135",FALSE
"rs1136",FALSE
"rs1137",FALSE
"rs1138",FALSE
"rs1139",FALSE
"rs1140",FALSE
"rs1141",FALSE
"rs1142",FALSE
"rs1143",FALSE
"rs1144",FALSE
"rs1145",FALSE
"rs1146",FALSE
"rs1147",FALSE
"rs1148",FALSE
"rs1149",FALSE
"rs1150",FALSE
"rs1151",TRUE
"rs1152",FALSE
"rs1153",TRUE
"rs1154",FALSE
"rs1155",FALSE
"rs1156",FALSE
"rs1157",FALSE
"rs1158",FALSE
"rs1159",FALSE
"rs1160",FALSE
"rs1161",FALSE
"rs1162",FALSE
"rs1163",FALSE
"rs1164",FALSE
"rs1165",FALSE
"rs1166",FALSE
"rs1167",FALSE
"rs1168",FALSE
"rs1169",FALSE
"rs1170",FALSE
"rs1171",FALSE
"rs1172",FALSE
"rs1173",FALSE
"rs1174",FALSE
"rs1175",FALSE
"rs1176",FALSE
"rs1177",FALSE
"rs1178",FALSE
"rs1179",FALSE
"rs1180",FALSE
"rs1181",FALSE
"rs1182",FALSE
"rs1183",FALSE
"rs1184",FALSE
"rs1185",FALSE
"rs1186",FALSE
"rs1187",FALSE
"rs1188",FALSE
"rs1189",FALSE
"rs1190",FALSE
"rs1191",FALSE
"rs1192",FALSE
"rs1193",FALSE
"rs1194",FALSE
"rs1195",FALSE
"rs1196",FALSE
"rs1197",FALSE
"rs1198",FALSE
"rs1199",FALSE
"rs1200",FALSE
"rs1201",FALSE
"rs1202",FALSE
"rs1203",FALSE
"rs1204",FALSE
"rs1205",FALSE
"rs1206",FALSE
"rs1207",FALSE
"rs1208",FALSE
"rs1209",FALSE
"rs1210",FALSE
"rs1211",FALSE
"rs1212",FALSE
"rs1213",FALSE
"rs1214",FALSE
"rs1215",FALSE
"rs1216",FALSE
"rs1217",FALSE
"rs1218",FALSE
"rs1219",FALSE
"rs1220",FALSE
"rs1221",FALSE
"rs1222",FALSE
"rs1223",FALSE
"rs1224",FALSE
"rs1225",FALSE
"rs1226",FALSE
"rs1227",FALSE
"rs1228",FALSE
"rs1229",FALSE
"rs1230",FALSE
"rs1231",FALSE
"rs1232",FALSE
"rs1233",FALSE
"rs1234",FALSE
"rs1235",FALSE
"rs1236",FALSE
"rs1237",FALSE
"rs1238",FALSE
"rs1239",FALSE
"rs1240",FALSE
"rs1241",FALSE
"rs1242",FALSE
"rs1243",FALSE
"rs1244",FALSE
"rs1245",FALSE
"rs1246",FALSE
"rs1247",FALSE
"rs1248",FALSE
"rs1249",FALSE
"rs1250",FALSE
"rs1251",FALSE
"rs1252",FALSE
"rs1253",FALSE
"rs1254",FALSE
"rs1255",FALSE
"rs1256",FALSE
"rs1257",FALSE
"rs1258",FALSE
"rs1259",FALSE
"rs1260",FALSE
"rs1261",FALSE
"rs1262",FALSE
"rs1263",FALSE
"rs1264",FALSE
"rs1265",FALSE
"rs1266",FALSE
"rs1267",FALSE
"rs1268",FALSE
"rs1269",FALSE
"rs1270",FALSE
"rs1271",FALSE
"rs1272",FALSE
"rs1273",FALSE
"rs1274",FALSE
"rs1275",FALSE
"rs1276",FALSE
"rs1277",FALSE
"rs1278",FALSE
"rs1279",FALSE
"rs1280",FALSE
"rs1281",FALSE
"rs1282",FALSE
"rs1283",FALSE
"rs1284",FALSE
"rs1285",FALSE
"rs1286",FALSE
"rs1287",FALSE
"rs1288",FALSE
"rs1289",FALSE
"rs1290",FALSE
"rs1291",FALSE
"rs1292",FALSE
"rs1293",FALSE
"rs1294",FALSE
"rs1295",FALSE
"rs1296",FALSE
"rs1297",FALSE
"rs1298",FALSE
"rs1299",FALSE
"rs1300",FALSE
"rs1301",FALSE
"rs1302",FALSE
"rs1303",FALSE
"rs1304",FALSE
"rs1305",FALSE
"rs1306",FALSE
"rs1307",FALSE
"rs1308",FALSE
"rs1309",FALSE
"rs1310",FALSE
"rs1311",FALSE
"rs1312",FALSE
"rs1313",FALSE
"rs1314",FALSE
"rs1315",FALSE
"rs1316",FALSE
"rs1317",FALSE
"rs1318",FALSE
"rs1319",FALSE
"rs1320",FALSE
"rs1321",FALSE
"rs1322",FALSE
"rs1323",FALSE
"rs1324",FALSE
"rs1325",FALSE
"rs1326",FALSE
"rs1327",FALSE
"rs1328",FALSE
"rs1329",FALSE
"rs1330",FALSE
"rs1331",FALSE
"rs1332",FALSE
"rs1333",FALSE
"rs1334",FALSE
"rs1335",FALSE
"rs1336",FALSE
"rs1337",FALSE
"rs1338",FALSE
"rs1339",FALSE
"rs1340",FALSE
"rs1341",FALSE
"rs1342",FALSE
"rs1343",FALSE
"rs1344",FALSE
"rs1345",FALSE
"rs1346",FALSE
"rs1347",FALSE
"rs1348",FALSE
"rs1349",FALSE
"rs1350",FALSE
"rs1351",FALSE
"rs1352",FALSE
"rs1353",FALSE
"rs1354",FALSE
"rs1355",FALSE
"rs1356",FALSE
"rs1357",FALSE
"rs1358",FALSE
"rs1359",FALSE
"rs1360",FALSE
"rs1361",FALSE
"rs1362",FALSE
"rs1363",FALSE
"rs1364",FALSE
"rs1365",FALSE
"rs1366",FALSE
"rs1367",FALSE
"rs1368",FALSE
"rs1369",FALSE
"rs1370",FALSE
"rs1371",FALSE
"rs1372",FALSE
"rs1373",FALSE
"rs1374",FALSE
"rs1375",FALSE
"rs1376",FALSE
"rs1377",FALSE
"rs1378",FALSE
"rs1379",FALSE
"rs1380",FALSE
"rs1381",FALSE
"rs1382",FALSE
"rs1383",FALSE
"rs1384",FALSE
"rs1385",FALSE
"rs1386",FALSE
"rs1387",FALSE
"rs1388",FALSE
"rs1389",FALSE
"rs1390",FALSE
"rs1391",FALSE
"rs1392",FALSE
"rs1393",FALSE
"rs1394",FALSE
"rs1395",FALSE
"rs1396",FALSE
"rs1397",FALSE
"rs1398",FALSE
"rs1399",FALSE
"rs1400",FALSE
"rs1401",FALSE
"rs1402",FALSE
"rs1403",FALSE
"rs1404",FALSE
"rs1405",FALSE
"rs1406",FALSE
"rs1407",FALSE
"rs1408",FALSE
"rs1409",FALSE
"rs1410",FALSE
"rs1411",FALSE
"rs1412",FALSE
"rs1413",FALSE
"rs1414",FALSE
"rs1415",FALSE
"rs1416",FALSE
"rs1417",FALSE
"rs1418",FALSE
"rs1419",FALSE
"rs1420",FALSE
"rs1421",FALSE
"rs1422",FALSE
"rs1423",FALSE
"rs1424",FALSE
"rs1425",FALSE
"rs1426",FALSE
"rs1427",FALSE
"rs1428",FALSE
"rs1429",FALSE
"rs1430",FALSE
"rs1431",FALSE
"rs1432",FALSE
"rs1433",FALSE
"rs1434",FALSE
"rs1435",FALSE
"rs1436",FALSE
"rs1437",FALSE
"rs1438",FALSE
"rs1439",FALSE
"rs1440",FALSE
"rs1441",FALSE
"rs1442",FALSE
"rs1443",FALSE
"rs1444",FALSE
"rs1445",FALSE
"rs1446",FALSE
"rs1447",FALSE
"rs1448",FALSE
"rs1449",FALSE
"rs1450",FALSE
"rs1451",FALSE
"rs1452",FALSE
"rs1453",FALSE
"rs1454",FALSE
"rs1455",FALSE
"rs1456",FALSE
"rs1457",FALSE
"rs1458",FALSE
"rs1459",FALSE
"rs1460",FALSE
"rs1461",FALSE
"rs1462",FALSE
"rs1463",FALSE
"rs1464",FALSE
"rs1465",FALSE
"rs1466",FALSE
"rs1467",FALSE
"rs1468",FALSE
"rs1469",FALSE
"rs1470",FALSE
"rs1471",FALSE
"rs1472",FALSE
"rs1473",FALSE
"rs1474",FALSE
"rs1475",FALSE
"rs1476",FALSE
"rs1477",FALSE
"rs1478",FALSE
"rs1479",FALSE
"rs1480",FALSE
"rs1481",FALSE
"rs1482",FALSE
"rs1483",FALSE
"rs1484",FALSE
"rs1485",FALSE
"rs1486",FALSE
"rs1487",FALSE
"rs1488",FALSE
"rs1489",FALSE
"rs1490",FALSE
"rs1491",FALSE
"rs1492",FALSE
"rs1493",FALSE
"rs1494",FALSE
"rs1495",FALSE
"rs1496",FALSE
"rs1497",FALSE
"rs1498",FALSE
"rs1499",FALSE
"rs1500",FALSE
"rs1501",FALSE
"rs1502",FALSE
"rs1503",FALSE
"rs1504",FALSE
"rs1505",FALSE
"rs1506",FALSE
"rs1507",FALSE
"rs1508",FALSE
"rs1509",FALSE
"rs1510",FALSE
"rs1511",FALSE
"rs1512",FALSE
"rs1513",FALSE
"rs1514",FALSE
"rs1515",FALSE
"rs1516",FALSE
"rs1517",FALSE
"rs1518",FALSE
"rs1519",FALSE
"rs1520",FALSE
"rs1521",FALSE
"rs1522",FALSE
"rs1523",FALSE
"rs1524",FALSE
"rs1525",FALSE
"rs1526",FALSE
"rs1527",FALSE
"rs1528",FALSE
"rs1529",FALSE
"rs1530",FALSE
"rs1531",FALSE
"rs1532",FALSE
"rs1533",FALSE
"rs1534",FALSE
"rs1535",FALSE
"rs1536",FALSE
"rs1537",FALSE
"rs1538",FALSE
"rs1539",FALSE
"rs1540",FALSE
"rs1541",FALSE
"rs1542",FALSE
"rs1543",FALSE
"rs1544",FALSE
"rs1545",FALSE
"rs1546",FALSE
"rs1547",FALSE
"rs1548",FALSE
"rs1549",FALSE
"rs1550",FALSE
"rs1551",FALSE
"rs1552",FALSE
"rs1553",FALSE
"rs1554",FALSE
"rs1555",FALSE
"rs1556",FALSE
"rs1557",FALSE
"rs1558",FALSE
"rs1559",FALSE
"rs1560",FALSE
"rs1561",FALSE
"rs1562",FALSE
"rs1563",FALSE
"rs1564",FALSE
"rs1565",FALSE
"rs1566",FALSE
"rs1567",FALSE
"rs1568",FALSE
"rs1569",FALSE
"rs1570",FALSE
"rs1571",FALSE
"rs1572",FALSE
"rs1573",FALSE
"rs1574",FALSE
"rs1575",FALSE
"rs1576",FALSE
"rs1577",FALSE
"rs1578",FALSE
"rs1579",FALSE
"rs1580",FALSE
"rs1581",FALSE
"rs1582",FALSE
"rs1583",FALSE
"rs1584",FALSE
"rs1585",FALSE
"rs1586",FALSE
"rs1587",FALSE
"rs1588",FALSE
"rs1589",FALSE
"rs1590",FALSE
"rs1591",FALSE
"rs1592",FALSE
"rs1593",FALSE
"rs1594",FALSE
"rs1595",FALSE
"rs1596",FALSE
"rs1597",FALSE
"rs1598",FALSE
"rs1599",FALSE
"rs1600",FALSE
"rs1601",FALSE
"rs1602",FALSE
"rs1603",FALSE
"rs1604",FALSE
"rs1605",FALSE
"rs1606",FALSE
"rs1607",FALSE
"rs1608",FALSE
"rs1609",FALSE
"rs1610",FALSE
"rs1611",FALSE
"rs1612",FALSE
"rs1613",FALSE
"rs1614",FALSE
"rs1615",FALSE
"rs1616",FALSE
"rs1617",FALSE
"rs1618",FALSE
"rs1619",FALSE
"rs1620",FALSE
"rs1621",FALSE
"rs1622",FALSE
"rs1623",FALSE
"rs1624",FALSE
"rs1625",FALSE
"rs1626",FALSE
"rs1627",FALSE
"rs1628",FALSE
"rs1629",FALSE
"rs1630",FALSE
"rs1631",FALSE
"rs1632",FALSE
"rs1633",FALSE
"rs1634",FALSE
"rs1635",FALSE
"rs1636",FALSE
"rs1637",FALSE
"rs1638",FALSE
"rs1639",FALSE
"rs1640",FALSE
"rs1641",FALSE
"rs1642",FALSE
"rs1643",FALSE
"rs1644",FALSE
"rs1645",FALSE
"rs1646",FALSE
"rs1647",FALSE
"rs1648",FALSE
"rs1649",FALSE
"rs1650",FALSE
"rs1651",FALSE
"rs1652",FALSE
"rs1653",FALSE
"rs1654",FALSE
"rs1655",FALSE
"rs1656",FALSE
"rs1657",FALSE
"rs1658",FALSE
"rs1659",FALSE
"rs1660",FALSE
"rs1661",FALSE
"rs1662",FALSE
"rs1663",FALSE
"rs1664",FALSE
"rs1665",FALSE
"rs1666",FALSE
"rs1667",FALSE
"rs1668",FALSE
"rs1669",FALSE
"rs1670",FALSE
"rs1671",FALSE
"rs1672",FALSE
"rs1673",FALSE
"rs1674",FALSE
"rs1675",FALSE
"rs1676",FALSE
"rs1677",FALSE
"rs1678",FALSE
"rs1679",FALSE
"rs1680",FALSE
"rs1681",FALSE
"rs1682",FALSE
"rs1683",FALSE
"rs1684",FALSE
"rs1685",FALSE
"rs1686",FALSE
"rs1687",FALSE
"rs1688",FALSE
"rs1689",FALSE
"rs1690",FALSE
"rs1691",FALSE
"rs1692",FALSE
"rs1693",FALSE
"rs1694",FALSE
"rs1695",FALSE
"rs1696",FALSE
"rs1697",FALSE
"rs1698",FALSE
"rs1699",FALSE
"rs1700",FALSE
"rs1701",FALSE
"rs1702",FALSE
"rs1703",FALSE
"rs1704",FALSE
"rs1705",FALSE
"rs1706",FALSE
"rs1707",FALSE
"rs1708",FALSE
"rs1709",FALSE
"rs1710",FALSE
"rs1711",FALSE
"rs1712",FALSE
"rs1713",FALSE
"rs1714",FALSE
"rs1715",FALSE
"rs1716",FALSE
"rs1717",FALSE
"rs1718",FALSE
"rs1719",FALSE
"rs1720",FALSE
"rs1721",FALSE
"rs1722",FALSE
"rs1723",FALSE
"rs1724",FALSE
"rs1725",FALSE
"rs1726",FALSE
"rs1727",FALSE
"rs1728",FALSE
"rs1729",FALSE
"rs1730",FALSE
"rs1731",FALSE
"rs1732",FALSE
"rs1733",FALSE
"rs1734",FALSE
"rs1735",FALSE
"rs1736",FALSE
"rs1737",FALSE
"rs1738",FALSE
"rs1739",FALSE
"rs1740",FALSE
"rs1741",FALSE
"rs1742",FALSE
"rs1743",FALSE
"rs1744",FALSE
"rs1745",FALSE
"rs1746",FALSE
"rs1747",FALSE
"rs1748",FALSE
"rs1749",FALSE
"rs1750",FALSE
"rs1751",FALSE
"rs1752",FALSE
"rs1753",FALSE
"rs1754",FALSE
"rs1755",FALSE
"rs1756",FALSE
"rs1757",FALSE
"rs1758",FALSE
"rs1759",FALSE
"rs1760",FALSE
"rs1761",FALSE
"rs1762",FALSE
"rs1763",FALSE
"rs1764",FALSE
"rs1765",FALSE
"rs1766",FALSE
"rs1767",FALSE
"rs1768",FALSE
"rs1769",FALSE
"rs1770",FALSE
"rs1771",FALSE
"rs1772",FALSE
"rs1773",FALSE
"rs1774",FALSE
"rs1775",FALSE
"rs1776",FALSE
"rs1777",FALSE
"rs1778",FALSE
"rs1779",FALSE
"rs1780",FALSE
"rs1781",FALSE
"rs1782",FALSE
"rs1783",FALSE
"rs1784",FALSE
"rs1785",FALSE
"rs1786",FALSE
"rs1787",FALSE
"rs1788",FALSE
"rs1789",FALSE
"rs1790",FALSE
"rs1791",FALSE
"rs1792",FALSE
"rs1793",FALSE
"rs1794",FALSE
"rs1795",FALSE
"rs1796",FALSE
"rs1797",FALSE
"rs1798",FALSE
"rs1799",FALSE
"rs1800",FALSE
"rs1801",FALSE
"rs1802",FALSE
"rs1803",FALSE
"rs1804",FALSE
"rs1805",FALSE
"rs1806",FALSE
"rs1807",FALSE
"rs1808",FALSE
"rs1809",FALSE
"rs1810",FALSE
"rs1811",FALSE
"rs1812",FALSE
"rs1813",FALSE
"rs1814",FALSE
"rs1815",FALSE
"rs1816",FALSE
"rs1817",FALSE
"rs1818",FALSE
"rs1819",FALSE
"rs1820",FALSE
"rs1821",FALSE
"rs1822",FALSE
"rs1823",FALSE
"rs1824",FALSE
"rs1825",FALSE
"rs1826",FALSE
"rs1827",FALSE
"rs1828",FALSE
"rs1829",FALSE
"rs1830",FALSE
"rs1831",FALSE
"rs1832",FALSE
"rs1833",FALSE
"rs1834",FALSE
"rs1835",FALSE
"rs1836",FALSE
"rs1837",FALSE
"rs1838",FALSE
"rs1839",FALSE
"rs1840",FALSE
"rs1841",FALSE
"rs1842",FALSE
"rs1843",FALSE
"rs1844",FALSE
"rs1845",FALSE
"rs1846",FALSE
"rs1847",FALSE
"rs1848",FALSE
"rs1849",FALSE
"rs1850",FALSE
"rs1851",FALSE
"rs1852",FALSE
"rs1853",FALSE
"rs1854",FALSE
"rs1855",FALSE
"rs1856",FALSE
"rs1857",FALSE
"rs1858",FALSE
"rs1859",FALSE
"rs1860",FALSE
"rs1861",FALSE
"rs1862",FALSE
"rs1863",FALSE
"rs1864",FALSE
"rs1865",FALSE
"rs1866",FALSE
"rs1867",FALSE
"rs1868",FALSE
"rs1869",FALSE
"rs1870",FALSE
"rs1871",FALSE
"rs1872",FALSE
"rs1873",FALSE
"rs1874",FALSE
"rs1875",FALSE
"rs1876",FALSE
"rs1877",FALSE
"rs1878",FALSE
"rs1879",FALSE
"rs1880",FALSE
"rs1881",FALSE
"rs1882",FALSE
"rs1883",FALSE
"rs1884",FALSE
"rs1885",FALSE
"rs1886",FALSE
"rs1887",FALSE
"rs1888",FALSE
"rs1889",FALSE
"rs1890",FALSE
"rs1891",FALSE
"rs1892",FALSE
"rs1893",FALSE
"rs1894",FALSE
"rs1895",FALSE
"rs1896",FALSE
"rs1897",FALSE
"rs1898",FALSE
"rs1899",FALSE
"rs1900",FALSE
"rs1901",FALSE
"rs1902",FALSE
"rs1903",FALSE
"rs1904",FALSE
"rs1905",FALSE
"rs1906",FALSE
"rs1907",FALSE
"rs1908",FALSE
"rs1909",FALSE
"rs1910",FALSE
"rs1911",FALSE
"rs1912",FALSE
"rs1913",FALSE
"rs1914",FALSE
"rs1915",FALSE
"rs1916",FALSE
"rs1917",FALSE
"rs1918",FALSE
"rs1919",FALSE
"rs1920",FALSE
"rs1921",FALSE
"rs1922",FALSE
"rs1923",FALSE
"rs1924",FALSE
"rs1925",FALSE
"rs1926",FALSE
"rs1927",FALSE
"rs1928",FALSE
"rs1929",FALSE
"rs1930",FALSE
"rs1931",FALSE
"rs1932",FALSE
"rs1933",FALSE
"rs1934",FALSE
"rs1935",FALSE
"rs1936",FALSE
"rs1937",FALSE
"rs1938",FALSE
"rs1939",FALSE
"rs1940",FALSE
"rs1941",FALSE
"rs1942",FALSE
"rs1943",FALSE
"rs1944",FALSE
"rs1945",FALSE
"rs1946",FALSE
"rs1947",FALSE
"rs1948",FALSE
"rs1949",FALSE
"rs1950",FALSE
"rs1951",FALSE
"rs1952",FALSE
"rs1953",FALSE
"rs1954",FALSE
"rs1955",FALSE
"rs1956",FALSE
"rs1957",FALSE
"rs1958",FALSE
"rs1959",FALSE
"rs1960",FALSE
"rs1961",FALSE
"rs1962",FALSE
"rs1963",FALSE
"rs1964",FALSE
"rs1965",FALSE
"rs1966",FALSE
"rs1967",FALSE
"rs1968",FALSE
"rs1969",FALSE
"rs1970",FALSE
"rs1971",FALSE
"rs1972",FALSE
"rs1973",FALSE
"rs1974",FALSE
"rs1975",FALSE
"rs1976",FALSE
"rs1977",FALSE
"rs1978",FALSE
"rs1979",FALSE
"rs1980",FALSE
"rs1981",FALSE
"rs1982",FALSE
"rs1983",FALSE
"rs1984",FALSE
"rs1985",FALSE
"rs1986",FALSE
"rs1987",FALSE
"rs1988",FALSE
"rs1989",FALSE
"rs1990",FALSE
"rs1991",FALSE
"rs1992",FALSE
"rs1993",FALSE
"rs1994",FALSE
"rs1995",FALSE
"rs1996",FALSE
"rs1997",FALSE
"rs1998",FALSE
"rs1999",FALSE
"rs2000",FALSE
